{"1":{"alive":331,"dead":669,"totalScore":127.03469580061731,"maxScore":20.7506894765192,"checkpointRecord":19,"totalCheckpoints":25,"bestCarSelected":321},"2":{"alive":285,"dead":715,"totalScore":30.464298663242147,"maxScore":20.7506894765192,"checkpointRecord":19,"totalCheckpoints":25,"bestCarSelected":949},"3":{"alive":230,"dead":770,"totalScore":31.44838354387875,"maxScore":20.7506894765192,"checkpointRecord":19,"totalCheckpoints":25,"bestCarSelected":949}}
