{"layout":[8,10,8,7,6],"weights":{"1":{"0":{"0":-0.02236903456689987,"1":-0.756587414533465,"2":-0.19925480788975847,"3":-1.4231205204005644,"4":1.780917750187026,"5":-1.6816553681288307,"6":-0.20495407096119056,"7":-0.9463448475079943,"-1":-0.5703792928884566},"1":{"0":-0.2701229612556748,"1":-0.7309338505416276,"2":-0.2992285909770187,"3":1.4959363772810566,"4":0.17355832357217338,"5":0.5192533341875816,"6":-1.7197582168609031,"7":1.2285963461720444,"-1":-0.8266089071043252},"2":{"0":-1.801492529339244,"1":-1.3745929293411363,"2":1.065608930765519,"3":-0.2715501783508669,"4":-1.9783099246608904,"5":1.763171863820645,"6":1.739906874727951,"7":0.7599543207884158,"-1":-0.08372349361987652},"3":{"0":-0.5183733341528285,"1":1.8709059294124328,"2":-0.26272463241506205,"3":1.0572159542048167,"4":0.6461014266895067,"5":1.8219360526891055,"6":1.2447520122249704,"7":-1.191501978405289,"-1":-0.6478870358400934},"4":{"0":1.5461935720606013,"1":1.5018633360565854,"2":0.7674254762971291,"3":-0.6843217502816552,"4":-1.3883700529517737,"5":-0.8569984195348788,"6":-1.519421997455538,"7":1.135995448242551,"-1":1.2065375938477958},"5":{"0":-1.391841278938835,"1":-1.6328646390021557,"2":-1.4832933130550625,"3":1.3939692764481286,"4":1.68471692034435,"5":-0.001111496491594366,"6":-0.4459128339731633,"7":-1.301689459853435,"-1":-1.5711521055953774},"6":{"0":-0.8439714845847135,"1":0.23109950626876152,"2":-1.3733682546058192,"3":-0.09628714613946965,"4":-1.103226611718009,"5":0.9092633914142834,"6":1.2790399924898646,"7":1.9126778149869725,"-1":-0.6351933357873927},"7":{"0":-0.6607189750132063,"1":-1.6519792048061284,"2":1.5510302045758326,"3":1.353755693441836,"4":1.9014748823633711,"5":-1.6020316299382635,"6":1.3977611642541667,"7":-0.5940712649599709,"-1":-0.4273749449562638},"8":{"0":-0.8824626255268786,"1":-1.6718868940476606,"2":1.200243650740708,"3":1.2436385946842554,"4":-1.0943456643711702,"5":1.5781726789675004,"6":1.279247703473029,"7":-1.0732911762245108,"-1":1.0456026707290116},"9":{"0":1.4364650706063493,"1":1.7918808683186729,"2":-0.9540482516271211,"3":0.32180581393217,"4":-1.7376567187905607,"5":0.28270876642153286,"6":-1.5538799966366312,"7":0.3122145170166659,"-1":0.9509432093286119}},"2":{"0":{"0":0.13680113240195624,"1":-1.0641210520412336,"2":0.25094727144830387,"3":1.862388031920375,"4":-1.6850211874284078,"5":-1.6316839863094925,"6":-1.8780769841472162,"7":-1.3401076404728531,"8":1.757312365615614,"9":1.4549510459173174,"-1":-1.934924977788686},"1":{"0":1.0501451812091736,"1":-1.948087297269681,"2":1.9374660686941398,"3":-1.5333503303781493,"4":1.7016565472230072,"5":-1.530706616418283,"6":1.435245802654741,"7":1.8684722382786578,"8":0.28677076393806455,"9":0.595458287631601,"-1":1.4760435315832297},"2":{"0":0.09879910342861375,"1":0.6751719981073849,"2":0.44602052958181737,"3":1.6348361791713826,"4":0.17517058495677773,"5":1.344704528199066,"6":-1.795904009761852,"7":-1.118331343317947,"8":0.1670334910043394,"9":1.629213163336967,"-1":1.7926130008186103},"3":{"0":0.49502933230266155,"1":-0.06073761301060365,"2":-0.4113549331732509,"3":0.16025683266991209,"4":0.4838521612815736,"5":0.9145075580360853,"6":1.424101169785077,"7":-0.7434338265275358,"8":-1.5950710041605287,"9":-1.8938949180352562,"-1":0.1848502838601327},"4":{"0":-0.14663393092049581,"1":0.7574522837535431,"2":0.7870457869232075,"3":0.8099567761629203,"4":-1.336420513131074,"5":-1.6667201119140893,"6":0.3287380771649149,"7":-1.2303539144051516,"8":-1.5520058484542156,"9":1.8240401492887335,"-1":0.22788826607618962},"5":{"0":-1.5170016131043074,"1":-0.3533637902611275,"2":1.345738178299718,"3":-1.6102243274404522,"4":0.15009751475053879,"5":1.3954091760917118,"6":0.7644852018383457,"7":-0.6904226476352218,"8":-1.0904974814773487,"9":-1.8299455240890792,"-1":-0.5556941654345504},"6":{"0":0.06655146651275334,"1":1.4942688150434673,"2":-1.566716692617347,"3":-0.676004575840131,"4":-1.6498330938359667,"5":0.22572838343292734,"6":-1.3452090717197,"7":1.1419869256120139,"8":-0.8289494570643097,"9":1.7704335982293955,"-1":0.557226112480028},"7":{"0":0.1205946186807223,"1":0.793875946139881,"2":-1.0136237895823745,"3":-1.4828227622807315,"4":-1.18665478664495,"5":-1.9554112262749515,"6":0.9492504261342649,"7":-1.4447734464541595,"8":1.8704957492118295,"9":-0.7984955365672057,"-1":-0.5545538343986038}},"3":{"0":{"0":-0.3642690571837113,"1":-1.2369267543462792,"2":1.6930697176626897,"3":-0.43687001333087494,"4":-0.4664918908634039,"5":0.3134737192378969,"6":-1.0657830685374803,"7":-0.3563825184901024,"-1":0.32970267100977413},"1":{"0":-0.8634605934903821,"1":-0.1069852361564303,"2":-1.6580081754321894,"3":-0.8189480672424541,"4":0.7093200241813866,"5":-0.6448601577097461,"6":1.802363804363324,"7":-0.0910045456881301,"-1":1.297806720423199},"2":{"0":0.2087766441885952,"1":-0.8590734057017588,"2":-0.6924995804959355,"3":-1.6674164308627697,"4":0.595851968413653,"5":0.2534136456293119,"6":1.707795028990689,"7":0.4567078057754257,"-1":1.8871581307517271},"3":{"0":-0.6660514947270846,"1":-0.9791678682183935,"2":0.5480832736165278,"3":0.4709454178998991,"4":0.8710655366001063,"5":-1.4236708393099198,"6":-0.2637550650214049,"7":0.9672308969024606,"-1":0.9042247888419697},"4":{"0":-0.12487417831076986,"1":1.1411292880388046,"2":-1.7683615046445649,"3":-1.8464429981111108,"4":-0.5584674747096292,"5":-1.4445967962105888,"6":1.3320180038903704,"7":1.6827726366577451,"-1":-1.2856193204903272},"5":{"0":0.2893995950521324,"1":1.7441801372628651,"2":1.8858152205475127,"3":-1.4983687462424795,"4":0.6549243421153106,"5":0.2579755448352268,"6":1.039095150914176,"7":1.6266424964522805,"-1":-0.22052831030249287},"6":{"0":-0.58331474093593,"1":1.6726685798825,"2":1.9478204015530869,"3":-1.9799178534165014,"4":-1.7913434714407934,"5":-0.5886581947638412,"6":1.7447875493805878,"7":-1.5105982908874749,"-1":1.9840030294268542}},"4":{"0":{"0":1.2537597243120144,"1":0.5110285503087741,"2":-1.0805201480105753,"3":0.4875845379670105,"4":-0.4828908039722801,"5":-1.0942635532730085,"6":-1.8104839769964247,"-1":0.5996723839463876},"1":{"0":-1.1378822370292632,"1":0.9339283087000902,"2":1.2202654023141877,"3":1.2239535062998268,"4":-1.3442689366701046,"5":0.4850360365991859,"6":0.2696041637715476,"-1":1.001191468164377},"2":{"0":1.5487509220640332,"1":0.9748850278679049,"2":-1.0574995741129687,"3":-0.6941377092151102,"4":0.6274389125534183,"5":-0.8271841334806256,"6":1.0900112133479958,"-1":-1.614814562648859},"3":{"0":1.3476946356083621,"1":-1.4641437951879466,"2":0.3923958044514331,"3":-1.4367039941205508,"4":0.5714955159773849,"5":0.5512855068314293,"6":-0.7238094334221126,"-1":-0.278181925064656},"4":{"0":-0.08431530954098232,"1":1.8184632340446152,"2":-0.06056869167966905,"3":-0.9011926572381466,"4":1.4713310364814758,"5":0.9454187870515955,"6":-0.32840429179137054,"-1":0.3594882689936716},"5":{"0":1.069666881868434,"1":1.6083498418149293,"2":-1.1700408233443422,"3":-0.15022202510737515,"4":-0.5602912324329097,"5":-1.2598781476854723,"6":0.15240868559397835,"-1":0.26754918871112476}}}}
