{"layout":[8,10,8,7,6],"weights":{"1":{"0":{"0":1.924384928102194,"1":-0.03947588624575182,"2":1.4803112265406346,"3":0.38560810958088254,"4":-1.3002011975169543,"5":1.881864096918206,"6":-0.14145048172472396,"7":-0.34561161359579806,"-1":-1.073331784008655},"1":{"0":-0.6976136067346399,"1":0.6192633613456673,"2":1.1035226247417507,"3":0.7554862477295616,"4":-0.14918563425062192,"5":1.4469005520287581,"6":-0.4085411998897124,"7":-0.6194732062855559,"-1":0.659580958731719},"2":{"0":-1.990568845384944,"1":1.6916848905536028,"2":-1.2163049056586326,"3":-0.44847298865358365,"4":0.25290391806380086,"5":0.463368101609424,"6":1.8063904537068094,"7":1.348343168567034,"-1":-1.2157790854687391},"3":{"0":-0.6881086514146615,"1":-0.24171300903562276,"2":-1.5349608000841215,"3":1.0698255893694508,"4":-1.8260746669383305,"5":-1.9822116543963384,"6":-0.08466970978729638,"7":-1.5400858215588409,"-1":0.5883861252910814},"4":{"0":-1.3906311758621133,"1":-1.8414667921190278,"2":1.4906803362163021,"3":-1.982292435159299,"4":-1.758321725053225,"5":1.5406379311386669,"6":0.9937190925906414,"7":1.2731677982664857,"-1":0.5226850627058832},"5":{"0":-1.142539918369832,"1":1.6290061977340358,"2":-0.9763560800668492,"3":0.2510598698716482,"4":-1.2172199394779373,"5":-0.5128419142759642,"6":-0.6442412269204114,"7":1.0186478801451635,"-1":-1.8772965932615708},"6":{"0":0.8488089777263879,"1":-0.5584479254510208,"2":0.9526342770607608,"3":0.6033053094551493,"4":-0.2771934586194531,"5":0.8740114488534241,"6":-1.5307130182321655,"7":-0.26114837422732506,"-1":0.9836263049256893},"7":{"0":1.6984702364682622,"1":-0.17469602359398095,"2":-1.307872571095242,"3":1.477003551249024,"4":-1.5343243626035417,"5":-0.6861201118075009,"6":-0.5162560025487712,"7":1.2180853916732204,"-1":0.4788609907599941},"8":{"0":-1.5782752854680346,"1":-1.7540234379502557,"2":-1.8397445338805127,"3":-0.8137894297562047,"4":1.6133785710455184,"5":-1.0793305633748451,"6":-0.5674113865815462,"7":-1.9179115032206493,"-1":0.594364057003955},"9":{"0":-0.7314949283860823,"1":-1.46296200091144,"2":1.8053349408749089,"3":-1.8317276289657567,"4":-1.6793450405870782,"5":1.370079686031616,"6":1.3561993836755315,"7":-1.140147950028422,"-1":0.922089528113494}},"2":{"0":{"0":-1.968626886340604,"1":-1.6649807848256524,"2":-0.551215150129825,"3":0.13845207716134844,"4":-0.7151976852196231,"5":1.927466273211853,"6":-0.0933201673130899,"7":-1.59955254493169,"8":0.6827648223404115,"9":-1.6734565890652444,"-1":-0.7542645406084567},"1":{"0":1.754301040711014,"1":-0.9193786063861316,"2":0.8789330323291686,"3":-0.28650008438639496,"4":-0.07915391544141492,"5":1.2183246912539598,"6":-1.4480050045867108,"7":1.2590265200591624,"8":-0.8940792527001173,"9":-0.033480468194187374,"-1":-0.2457683389364922},"2":{"0":0.5623422422413888,"1":-1.7980195876665146,"2":-0.2990192123670532,"3":0.7977665032277201,"4":-0.14819478506559314,"5":0.03928663011049505,"6":1.7851514944668798,"7":1.091458532738245,"8":1.7095391026662838,"9":-0.7658728418907987,"-1":-1.0678553079085846},"3":{"0":-0.3828273504010937,"1":1.8801836936888368,"2":-1.0885216106063744,"3":-1.5404822899373185,"4":-1.8444272255738792,"5":1.6015199326152096,"6":-0.4833153592691586,"7":-0.2035874456409852,"8":-1.8978472980286396,"9":1.394068705046032,"-1":-0.4611905546665831},"4":{"0":-0.7259391952846306,"1":1.1678817476787149,"2":1.8938715294538504,"3":1.7386003131412364,"4":-0.4848623224251103,"5":0.8797059392239124,"6":0.9312064474065354,"7":-0.5828195865319312,"8":-0.30769366088619154,"9":-1.7092157992954915,"-1":-0.633579909180173},"5":{"0":-1.9481917820843675,"1":1.7894198292454968,"2":0.5798818852924725,"3":1.204771703972705,"4":-1.9237830977380517,"5":1.1628815500641316,"6":1.6557090283635416,"7":-1.8697509010709679,"8":1.6614011540815827,"9":1.0857749818729578,"-1":-1.297482058305535},"6":{"0":1.6440081035456133,"1":1.9096380546565452,"2":0.4879668997277591,"3":-0.4624390784201591,"4":1.8380407245881507,"5":0.5196323280861908,"6":0.7370978665940813,"7":-1.364654255203634,"8":-1.801498913234182,"9":-1.0886114795258308,"-1":-0.29592486277587327},"7":{"0":1.7207629753337663,"1":-1.6195338337945753,"2":0.25489493957971376,"3":1.160873578267208,"4":1.027074832919313,"5":-1.5915266276417297,"6":0.9006083977444916,"7":-1.5293610165628442,"8":0.13266688865568455,"9":0.6670411796890106,"-1":-1.2288083452238556}},"3":{"0":{"0":-0.948454374407623,"1":1.384395874548492,"2":-1.363634017134114,"3":0.8751063277229694,"4":-0.009332056739238759,"5":-1.9922961477739838,"6":1.9401996352896367,"7":0.4116419545665275,"-1":-1.0915467845553115},"1":{"0":-1.5625384019998716,"1":-1.578294343777431,"2":-0.49585742193071436,"3":-1.2182160225940208,"4":0.2249584311780657,"5":0.6175376405402364,"6":-1.4527075053813112,"7":-1.0505548913654454,"-1":0.5926449733564585},"2":{"0":1.2536730326856036,"1":0.693090893075464,"2":1.9486682072323278,"3":-1.701630022318783,"4":1.284745038654159,"5":-1.6610878208905984,"6":1.1798996695700437,"7":-1.2107819821156607,"-1":-1.400113574483405},"3":{"0":1.9795268540063775,"1":-0.5988396984725606,"2":-0.8530984266893071,"3":0.8150068485404187,"4":1.479892965347429,"5":1.4994913451180114,"6":0.6992308872874462,"7":-0.6606563698515773,"-1":0.7666048417088209},"4":{"0":-0.9361306420245015,"1":1.924168113062935,"2":-0.03286479376644991,"3":-1.8211971913095786,"4":-1.5139918719973062,"5":-1.8187538324610069,"6":-1.4539690265591814,"7":-1.260694197354578,"-1":1.5405773174747495},"5":{"0":-1.0613739012404064,"1":0.9795973047785465,"2":-1.9521833657341467,"3":-1.0593018768383358,"4":-0.676363894302189,"5":-1.0875314204772915,"6":-1.9809695960807634,"7":1.9361875578034278,"-1":-1.5809086309856681},"6":{"0":0.5289116652888257,"1":-0.0537982342179788,"2":1.745032459200484,"3":0.03666799570804802,"4":-1.2768886622489681,"5":-0.6388134071223126,"6":-1.8922942186104867,"7":-1.5747012363062742,"-1":-1.164409415888593}},"4":{"0":{"0":0.06458555615360595,"1":1.706561495422335,"2":0.8225273709865766,"3":0.7290830460708566,"4":1.676914529212305,"5":0.8701238079366878,"6":-1.411266384002328,"-1":1.9069543291400608},"1":{"0":0.36497461000274534,"1":-0.2239403317951636,"2":1.1607869445525916,"3":-0.7001388623832243,"4":0.8961206370096448,"5":1.3100764488559173,"6":-1.3162206597235953,"-1":1.7857875470604867},"2":{"0":0.6034591766474238,"1":1.972483462145239,"2":-1.4714065424738774,"3":-1.6136390933486826,"4":-1.267557695540103,"5":0.5856160951845597,"6":0.805691912090758,"-1":-1.625752533632987},"3":{"0":0.4296066585696856,"1":0.6695222975551154,"2":-1.6835512387915967,"3":0.5275964672022395,"4":-1.6684876599421896,"5":0.7861696322255662,"6":1.5621883333557793,"-1":-1.189840589139683},"4":{"0":1.72855674173704,"1":0.2973763669473355,"2":0.7416508756472489,"3":-1.8594148517629812,"4":-1.9857436162820816,"5":-1.741527754516321,"6":0.6684977128594864,"-1":0.23732859586699817},"5":{"0":-0.20590640637421753,"1":1.0447346654151213,"2":1.8773224596458755,"3":-0.22469909815144362,"4":-1.4620365896470995,"5":0.27606370255503077,"6":1.8313690854852798,"-1":1.5331600321619572}}}}
